wkt,wzsj,gsd,sd,ydfx
"LINESTRING(116.812230999761 40.3813799995874,116.820352000145 40.3772709998568,116.828688999698 40.3768399997662,116.834151999815 40.3748690401741,116.841515000317 40.3747489995667,116.851068000188 40.3749189903192,116.856510100061 40.3750310395509)",2023/5/9 17:17,34000,394,280.33
"LINESTRING(116.829536000086 40.3877839999317,116.828807999789 40.3768320002966,116.827461999772 40.3671699998956,116.827817754868 40.3623889278427)",2023/5/9 17:18,34000,394,280.11
"LINESTRING(116.811279999972 40.3663940000831,116.82745200021 40.3673100297341,116.83468690038 40.3680490197465,116.845028999589 40.3692070003029)",2023/5/9 17:19,0,395,279.97
